name,url
20nine Restaurant & Wine Bar,20nine-restaurant-and-wine-bar?scpref=109
Ácenar,acenar?scpref=109
Achiote - Grand Hyatt San Antonio,achiote-grand-hyatt?scpref=109
Aldino Cucina Italiano,aldino-cucina-italiano?scpref=109
Aldo's Ristorante Italiano,aldos-ristorante-italiano?scpref=109
Antlers Lodge,antlers-lodge?scpref=109
Bella...On The River,bellaon-the-river?scpref=109
Biga on the Banks,biga-on-the-banks?scpref=109
Bliss Restaurant,bliss-restaurant?scpref=109
Bohanan's Prime Steaks and Seafood,bohanans-prime-steaks-and-seafood?scpref=109
Bourbon Street Seafood Kitchen,bourbon-street-seafood-kitchen?scpref=109
Bourbon Street Seafood Kitchen- Leon Springs,bourbon-street-seafood-kitchen-leon-springs?scpref=109
Brannon's Cafe,brannons-cafe?scpref=109
Cappy's Restaurant,cappys-restaurant?scpref=109
Chart House Restaurant - Tower of the Americas,chart-house-restaurant-tower-of-the-americas?scpref=109
Citrus @ Hotel Valencia Riverwalk,citrus-at-hotel-valencia-riverwalk?scpref=109
Drew's American Grill,drews-american-grill?scpref=109
Esquire Tavern,esquire-tavern?scpref=109
Fleming's Prime Steakhouse & Wine Bar - San Antonio,flemings-prime-steakhouse-and-wine-bar-san-antonio?scpref=109
Francesca's at Sunset,francescas-at-sunset?scpref=109
Frederick's Bistro,fredericks-bistro?scpref=109
The Grill at Leon Springs,the-grill-at-leon-springs?scpref=109
The Gruene Door,the-gruene-door?scpref=109
Jerusalem Grill,jerusalem-grill?scpref=109
JW Marriott San Antonio - 18 Oaks,jw-marriott-san-antonio-18-oaks?scpref=109
JW Marriott San Antonio - Cibolo Moon,jw-marriott-san-antonio-cibolo-moon?scpref=109
JW Marriott San Antonio - High Velocity,jw-marriott-san-antonio-high-velocity?scpref=109
Kirby's Prime Steakhouse - San Antonio,kirbys-prime-steakhouse-san-antonio?scpref=109
Kona Grill - San Antonio,kona-grill-san-antonio?scpref=109
La Barataria,la-barataria?scpref=109
La Cascada - The Resort at Tapatio Springs,la-cascada-the-resort-at-tapatio-springs?scpref=109
La Fonda on Main,la-fonda-on-main?scpref=109
Las Canarias - Omni La Mansion,las-canarias-omni-la-mansion?scpref=109
Las Ramblas at Hotel Contessa,las-ramblas-at-hotel-contessa?scpref=109
Liberty Bistro,liberty-bistro?scpref=109
The Little Aussie Bakery & Cafe,the-little-aussie-bakery-and-cafe?scpref=109
Little Gretel,little-gretel?scpref=109
Luce Ristorante E Enoteca,luce-ristorante-e-enoteca?scpref=109
Lüke San Antonio,luke-san-antonio?scpref=109
Maggiano's - San Antonio,maggianos-san-antonio?scpref=109
MAX's Wine Dive - San Antonio,maxs-wine-dive-san-antonio?scpref=109
The Melting Pot - San Antonio,the-melting-pot-san-antonio?scpref=109
Morton's The Steakhouse - San Antonio,mortons-the-steakhouse-san-antonio?scpref=109
Myron's at Alon Town Center,myrons-at-alon-town-center?scpref=109
Myron's Prime Steak House,myrons-prime-steak-house?scpref=109
NAO,nao?scpref=109
Old San Francisco,old-san-francisco?scpref=109
Oro at The Emily Morgan Hotel,oro-at-the-emily-morgan-hotel?scpref=109
Ostra at Mokara Hotel & Spa,ostra-at-mokara-hotel-and-spa?scpref=109
Ounce Steakhouse,ounce-steakhouse?scpref=109
Palm Restaurant - San Antonio,palm-restaurant-san-antonio?scpref=109
Paloma Blanca Mexican Cuisine,paloma-blanca-mexican-cuisine?scpref=109
Perry's Steakhouse & Grille-San Antonio,perrys-steakhouse-and-grille-san-antonio?scpref=109
Piatti - San Antonio,piatti-san-antonio?scpref=109
Q on the Riverwalk - Hyatt Regency,q-on-the-riverwalk-hyatt-regency?scpref=109
Restaurant Gwendolyn,restaurant-gwendolyn?scpref=109
Roaring Fork San Antonio,roaring-fork-san-antonio?scpref=109
RoMo's Cafe,romos-cafe?scpref=109
Ruth's Chris Steak House - San Antonio (Airport),ruths-chris-steak-house-airport?scpref=109
Ruth's Chris Steak House - San Antonio (Downtown),ruths-chris-steak-house-downtown?scpref=109
Sazo's Latin Grill,sazos-latin-grill?scpref=109
Scuzzi's Italian Grill,scuzzis-italian-grill?scpref=109
Silo Elevated Cuisine - 1604,silo-elevated-cuisine-1604?scpref=109
Silo Elevated Cuisine - Alamo Heights,silo-elevated-cuisine-alamo-heights?scpref=109
Stone Werks - Lincoln Heights,stone-werks-lincoln-heights?scpref=109
Stone Werks - The Rim,stone-werks-the-rim?scpref=109
Stone Werks - The Vineyard,stone-werks-the-vineyard?scpref=109
Sushi Zushi - Colonnade,sushi-zushi-colonnade?scpref=109
Sushi Zushi - Downtown,sushi-zushi-downtown?scpref=109
Sushi Zushi - Lincoln Heights,sushi-zushi-lincoln-heights?scpref=109
Sushi Zushi - Stone Oak,sushi-zushi-stone-oak?scpref=109
Sustenio - Eilan Hotel,sustenio-eilan-hotel?scpref=109
Toscana Ristorante - Downtown,toscana-ristorante-downtown?scpref=109
Tre Trattoria Downtown,tre-trattoria-downtown?scpref=109
Wildfish Seafood Grille - San Antonio,wildfish-seafood-grille-san-antonio?scpref=109
Zinc Bistro & Wine Bar,zinc-bistro-and-wine-bar?scpref=109
Zocca,zocca?scpref=109
Z'Tejas San Antonio,ztejas-san-antonio?scpref=109
